date,sitting_number,html_link,pdf_link,month,legislation,year
Martedì 19 Dicembre 2006,91,https://www.senato.it/japp/bgt/showdoc/frame.jsp?tipodoc=Resaula&leg=15&id=231353,https://www.senato.it/service/PDF/PDFServer/BGT/231353.pdf,Dicembre,15,2006
Venerdì 15 Dicembre 2006,89,https://www.senato.it/japp/bgt/showdoc/frame.jsp?tipodoc=Resaula&leg=15&id=230933,https://www.senato.it/service/PDF/PDFServer/BGT/230933.pdf,Dicembre,15,2006
Venerdì 15 Dicembre 2006,90,https://www.senato.it/japp/bgt/showdoc/frame.jsp?tipodoc=Resaula&leg=15&id=230938,https://www.senato.it/service/PDF/PDFServer/BGT/230938.pdf,Dicembre,15,2006
Giovedì 14 Dicembre 2006,87,https://www.senato.it/japp/bgt/showdoc/frame.jsp?tipodoc=Resaula&leg=15&id=230412,https://www.senato.it/service/PDF/PDFServer/BGT/230412.pdf,Dicembre,15,2006
Giovedì 14 Dicembre 2006,88,https://www.senato.it/japp/bgt/showdoc/frame.jsp?tipodoc=Resaula&leg=15&id=230436,https://www.senato.it/service/PDF/PDFServer/BGT/230436.pdf,Dicembre,15,2006
Mercoledì 13 Dicembre 2006,85,https://www.senato.it/japp/bgt/showdoc/frame.jsp?tipodoc=Resaula&leg=15&id=230371,https://www.senato.it/service/PDF/PDFServer/BGT/230371.pdf,Dicembre,15,2006
Mercoledì 13 Dicembre 2006,86,https://www.senato.it/japp/bgt/showdoc/frame.jsp?tipodoc=Resaula&leg=15&id=230394,https://www.senato.it/service/PDF/PDFServer/BGT/230394.pdf,Dicembre,15,2006
Martedì 12 Dicembre 2006,83,https://www.senato.it/japp/bgt/showdoc/frame.jsp?tipodoc=Resaula&leg=15&id=227361,https://www.senato.it/service/PDF/PDFServer/BGT/227361.pdf,Dicembre,15,2006
Martedì 12 Dicembre 2006,84,https://www.senato.it/japp/bgt/showdoc/frame.jsp?tipodoc=Resaula&leg=15&id=228485,https://www.senato.it/service/PDF/PDFServer/BGT/228485.pdf,Dicembre,15,2006
Giovedì 23 Novembre 2006,81,https://www.senato.it/japp/bgt/showdoc/frame.jsp?tipodoc=Resaula&leg=15&id=223693,https://www.senato.it/service/PDF/PDFServer/BGT/223693.pdf,Novembre,15,2006
Giovedì 23 Novembre 2006,82,https://www.senato.it/japp/bgt/showdoc/frame.jsp?tipodoc=Resaula&leg=15&id=223692,https://www.senato.it/service/PDF/PDFServer/BGT/223692.pdf,Novembre,15,2006
Mercoledì 22 Novembre 2006,79,https://www.senato.it/japp/bgt/showdoc/frame.jsp?tipodoc=Resaula&leg=15&id=223615,https://www.senato.it/service/PDF/PDFServer/BGT/223615.pdf,Novembre,15,2006
Mercoledì 22 Novembre 2006,80,https://www.senato.it/japp/bgt/showdoc/frame.jsp?tipodoc=Resaula&leg=15&id=223647,https://www.senato.it/service/PDF/PDFServer/BGT/223647.pdf,Novembre,15,2006
Martedì 21 Novembre 2006,77,https://www.senato.it/japp/bgt/showdoc/frame.jsp?tipodoc=Resaula&leg=15&id=223544,https://www.senato.it/service/PDF/PDFServer/BGT/223544.pdf,Novembre,15,2006
Martedì 21 Novembre 2006,78,https://www.senato.it/japp/bgt/showdoc/frame.jsp?tipodoc=Resaula&leg=15&id=223606,https://www.senato.it/service/PDF/PDFServer/BGT/223606.pdf,Novembre,15,2006
Giovedì 16 Novembre 2006,75,https://www.senato.it/japp/bgt/showdoc/frame.jsp?tipodoc=Resaula&leg=15&id=223221,https://www.senato.it/service/PDF/PDFServer/BGT/223221.pdf,Novembre,15,2006
Giovedì 16 Novembre 2006,76,https://www.senato.it/japp/bgt/showdoc/frame.jsp?tipodoc=Resaula&leg=15&id=223264,https://www.senato.it/service/PDF/PDFServer/BGT/223264.pdf,Novembre,15,2006
Mercoledì 15 Novembre 2006,73,https://www.senato.it/japp/bgt/showdoc/frame.jsp?tipodoc=Resaula&leg=15&id=223092,https://www.senato.it/service/PDF/PDFServer/BGT/223092.pdf,Novembre,15,2006
Mercoledì 15 Novembre 2006,74,https://www.senato.it/japp/bgt/showdoc/frame.jsp?tipodoc=Resaula&leg=15&id=223153,https://www.senato.it/service/PDF/PDFServer/BGT/223153.pdf,Novembre,15,2006
Martedì 14 Novembre 2006,71,https://www.senato.it/japp/bgt/showdoc/frame.jsp?tipodoc=Resaula&leg=15&id=223025,https://www.senato.it/service/PDF/PDFServer/BGT/223025.pdf,Novembre,15,2006
Martedì 14 Novembre 2006,72,https://www.senato.it/japp/bgt/showdoc/frame.jsp?tipodoc=Resaula&leg=15&id=223058,https://www.senato.it/service/PDF/PDFServer/BGT/223058.pdf,Novembre,15,2006
Giovedì 09 Novembre 2006,69,https://www.senato.it/japp/bgt/showdoc/frame.jsp?tipodoc=Resaula&leg=15&id=222551,https://www.senato.it/service/PDF/PDFServer/BGT/222551.pdf,Novembre,15,2006
Giovedì 09 Novembre 2006,70,https://www.senato.it/japp/bgt/showdoc/frame.jsp?tipodoc=Resaula&leg=15&id=222550,https://www.senato.it/service/PDF/PDFServer/BGT/222550.pdf,Novembre,15,2006
Mercoledì 08 Novembre 2006,67,https://www.senato.it/japp/bgt/showdoc/frame.jsp?tipodoc=Resaula&leg=15&id=222427,https://www.senato.it/service/PDF/PDFServer/BGT/222427.pdf,Novembre,15,2006
Mercoledì 08 Novembre 2006,68,https://www.senato.it/japp/bgt/showdoc/frame.jsp?tipodoc=Resaula&leg=15&id=222513,https://www.senato.it/service/PDF/PDFServer/BGT/222513.pdf,Novembre,15,2006
Martedì 07 Novembre 2006,65,https://www.senato.it/japp/bgt/showdoc/frame.jsp?tipodoc=Resaula&leg=15&id=222074,https://www.senato.it/service/PDF/PDFServer/BGT/222074.pdf,Novembre,15,2006
Martedì 07 Novembre 2006,66,https://www.senato.it/japp/bgt/showdoc/frame.jsp?tipodoc=Resaula&leg=15&id=222258,https://www.senato.it/service/PDF/PDFServer/BGT/222258.pdf,Novembre,15,2006
Giovedì 26 Ottobre 2006,63,https://www.senato.it/japp/bgt/showdoc/frame.jsp?tipodoc=Resaula&leg=15&id=221782,https://www.senato.it/service/PDF/PDFServer/BGT/221782.pdf,Ottobre,15,2006
Giovedì 26 Ottobre 2006,64,https://www.senato.it/japp/bgt/showdoc/frame.jsp?tipodoc=Resaula&leg=15&id=221809,https://www.senato.it/service/PDF/PDFServer/BGT/221809.pdf,Ottobre,15,2006
Mercoledì 25 Ottobre 2006,61,https://www.senato.it/japp/bgt/showdoc/frame.jsp?tipodoc=Resaula&leg=15&id=221678,https://www.senato.it/service/PDF/PDFServer/BGT/221678.pdf,Ottobre,15,2006
Mercoledì 25 Ottobre 2006,62,https://www.senato.it/japp/bgt/showdoc/frame.jsp?tipodoc=Resaula&leg=15&id=221766,https://www.senato.it/service/PDF/PDFServer/BGT/221766.pdf,Ottobre,15,2006
Martedì 24 Ottobre 2006,60,https://www.senato.it/japp/bgt/showdoc/frame.jsp?tipodoc=Resaula&leg=15&id=221624,https://www.senato.it/service/PDF/PDFServer/BGT/221624.pdf,Ottobre,15,2006
Giovedì 19 Ottobre 2006,58,https://www.senato.it/japp/bgt/showdoc/frame.jsp?tipodoc=Resaula&leg=15&id=221215,https://www.senato.it/service/PDF/PDFServer/BGT/221215.pdf,Ottobre,15,2006
Giovedì 19 Ottobre 2006,59,https://www.senato.it/japp/bgt/showdoc/frame.jsp?tipodoc=Resaula&leg=15&id=221217,https://www.senato.it/service/PDF/PDFServer/BGT/221217.pdf,Ottobre,15,2006
Mercoledì 18 Ottobre 2006,56,https://www.senato.it/japp/bgt/showdoc/frame.jsp?tipodoc=Resaula&leg=15&id=221078,https://www.senato.it/service/PDF/PDFServer/BGT/221078.pdf,Ottobre,15,2006
Mercoledì 18 Ottobre 2006,57,https://www.senato.it/japp/bgt/showdoc/frame.jsp?tipodoc=Resaula&leg=15&id=221132,https://www.senato.it/service/PDF/PDFServer/BGT/221132.pdf,Ottobre,15,2006
Martedì 17 Ottobre 2006,54,https://www.senato.it/japp/bgt/showdoc/frame.jsp?tipodoc=Resaula&leg=15&id=220628,https://www.senato.it/service/PDF/PDFServer/BGT/220628.pdf,Ottobre,15,2006
Martedì 17 Ottobre 2006,55,https://www.senato.it/japp/bgt/showdoc/frame.jsp?tipodoc=Resaula&leg=15&id=220869,https://www.senato.it/service/PDF/PDFServer/BGT/220869.pdf,Ottobre,15,2006
Giovedì 12 Ottobre 2006,52,https://www.senato.it/japp/bgt/showdoc/frame.jsp?tipodoc=Resaula&leg=15&id=220519,https://www.senato.it/service/PDF/PDFServer/BGT/220519.pdf,Ottobre,15,2006
Giovedì 12 Ottobre 2006,53,https://www.senato.it/japp/bgt/showdoc/frame.jsp?tipodoc=Resaula&leg=15&id=220540,https://www.senato.it/service/PDF/PDFServer/BGT/220540.pdf,Ottobre,15,2006
Mercoledì 11 Ottobre 2006,50,https://www.senato.it/japp/bgt/showdoc/frame.jsp?tipodoc=Resaula&leg=15&id=220466,https://www.senato.it/service/PDF/PDFServer/BGT/220466.pdf,Ottobre,15,2006
Mercoledì 11 Ottobre 2006,51,https://www.senato.it/japp/bgt/showdoc/frame.jsp?tipodoc=Resaula&leg=15&id=220480,https://www.senato.it/service/PDF/PDFServer/BGT/220480.pdf,Ottobre,15,2006
Martedì 10 Ottobre 2006,49,https://www.senato.it/japp/bgt/showdoc/frame.jsp?tipodoc=Resaula&leg=15&id=220443,https://www.senato.it/service/PDF/PDFServer/BGT/220443.pdf,Ottobre,15,2006
Giovedì 05 Ottobre 2006,47,https://www.senato.it/japp/bgt/showdoc/frame.jsp?tipodoc=Resaula&leg=15&id=220205,https://www.senato.it/service/PDF/PDFServer/BGT/220205.pdf,Ottobre,15,2006
Giovedì 05 Ottobre 2006,48,https://www.senato.it/japp/bgt/showdoc/frame.jsp?tipodoc=Resaula&leg=15&id=220221,https://www.senato.it/service/PDF/PDFServer/BGT/220221.pdf,Ottobre,15,2006
Mercoledì 04 Ottobre 2006,45,https://www.senato.it/japp/bgt/showdoc/frame.jsp?tipodoc=Resaula&leg=15&id=220146,https://www.senato.it/service/PDF/PDFServer/BGT/220146.pdf,Ottobre,15,2006
Mercoledì 04 Ottobre 2006,46,https://www.senato.it/japp/bgt/showdoc/frame.jsp?tipodoc=Resaula&leg=15&id=220191,https://www.senato.it/service/PDF/PDFServer/BGT/220191.pdf,Ottobre,15,2006
Martedì 03 Ottobre 2006,43,https://www.senato.it/japp/bgt/showdoc/frame.jsp?tipodoc=Resaula&leg=15&id=220115,https://www.senato.it/service/PDF/PDFServer/BGT/220115.pdf,Ottobre,15,2006
Martedì 03 Ottobre 2006,44,https://www.senato.it/japp/bgt/showdoc/frame.jsp?tipodoc=Resaula&leg=15&id=220125,https://www.senato.it/service/PDF/PDFServer/BGT/220125.pdf,Ottobre,15,2006
Giovedì 28 Settembre 2006,41,https://www.senato.it/japp/bgt/showdoc/frame.jsp?tipodoc=Resaula&leg=15&id=219920,https://www.senato.it/service/PDF/PDFServer/BGT/219920.pdf,Settembre,15,2006
Giovedì 28 Settembre 2006,42,https://www.senato.it/japp/bgt/showdoc/frame.jsp?tipodoc=Resaula&leg=15&id=219923,https://www.senato.it/service/PDF/PDFServer/BGT/219923.pdf,Settembre,15,2006
Mercoledì 27 Settembre 2006,39,https://www.senato.it/japp/bgt/showdoc/frame.jsp?tipodoc=Resaula&leg=15&id=219833,https://www.senato.it/service/PDF/PDFServer/BGT/219833.pdf,Settembre,15,2006
Mercoledì 27 Settembre 2006,40,https://www.senato.it/japp/bgt/showdoc/frame.jsp?tipodoc=Resaula&leg=15&id=219870,https://www.senato.it/service/PDF/PDFServer/BGT/219870.pdf,Settembre,15,2006
Martedì 26 Settembre 2006,38,https://www.senato.it/japp/bgt/showdoc/frame.jsp?tipodoc=Resaula&leg=15&id=219824,https://www.senato.it/service/PDF/PDFServer/BGT/219824.pdf,Settembre,15,2006
Giovedì 21 Settembre 2006,36,https://www.senato.it/japp/bgt/showdoc/frame.jsp?tipodoc=Resaula&leg=15&id=219731,https://www.senato.it/service/PDF/PDFServer/BGT/219731.pdf,Settembre,15,2006
Giovedì 21 Settembre 2006,37,https://www.senato.it/japp/bgt/showdoc/frame.jsp?tipodoc=Resaula&leg=15&id=219732,https://www.senato.it/service/PDF/PDFServer/BGT/219732.pdf,Settembre,15,2006
Mercoledì 20 Settembre 2006,34,https://www.senato.it/japp/bgt/showdoc/frame.jsp?tipodoc=Resaula&leg=15&id=219668,https://www.senato.it/service/PDF/PDFServer/BGT/219668.pdf,Settembre,15,2006
Mercoledì 20 Settembre 2006,35,https://www.senato.it/japp/bgt/showdoc/frame.jsp?tipodoc=Resaula&leg=15&id=219703,https://www.senato.it/service/PDF/PDFServer/BGT/219703.pdf,Settembre,15,2006
Martedì 19 Settembre 2006,33,https://www.senato.it/japp/bgt/showdoc/frame.jsp?tipodoc=Resaula&leg=15&id=219644,https://www.senato.it/service/PDF/PDFServer/BGT/219644.pdf,Settembre,15,2006
Venerdì 01 Settembre 2006,32,https://www.senato.it/japp/bgt/showdoc/frame.jsp?tipodoc=Resaula&leg=15&id=219192,https://www.senato.it/service/PDF/PDFServer/BGT/219192.pdf,Settembre,15,2006
Martedì 22 Agosto 2006,31,https://www.senato.it/japp/bgt/showdoc/frame.jsp?tipodoc=Resaula&leg=15&id=219183,https://www.senato.it/service/PDF/PDFServer/BGT/219183.pdf,Agosto,15,2006
Mercoledì 02 Agosto 2006,30,https://www.senato.it/japp/bgt/showdoc/frame.jsp?tipodoc=Resaula&leg=15&id=219128,https://www.senato.it/service/PDF/PDFServer/BGT/219128.pdf,Agosto,15,2006
Sabato 29 Luglio 2006,29,https://www.senato.it/japp/bgt/showdoc/frame.jsp?tipodoc=Resaula&leg=15&id=218835,https://www.senato.it/service/PDF/PDFServer/BGT/218835.pdf,Luglio,15,2006
Venerdì 28 Luglio 2006,28,https://www.senato.it/japp/bgt/showdoc/frame.jsp?tipodoc=Resaula&leg=15&id=215779,https://www.senato.it/service/PDF/PDFServer/BGT/215779.pdf,Luglio,15,2006
Giovedì 27 Luglio 2006,27,https://www.senato.it/japp/bgt/showdoc/frame.jsp?tipodoc=Resaula&leg=15&id=215751,https://www.senato.it/service/PDF/PDFServer/BGT/215751.pdf,Luglio,15,2006
Mercoledì 26 Luglio 2006,25,https://www.senato.it/japp/bgt/showdoc/frame.jsp?tipodoc=Resaula&leg=15&id=215684,https://www.senato.it/service/PDF/PDFServer/BGT/215684.pdf,Luglio,15,2006
Mercoledì 26 Luglio 2006,26,https://www.senato.it/japp/bgt/showdoc/frame.jsp?tipodoc=Resaula&leg=15&id=215692,https://www.senato.it/service/PDF/PDFServer/BGT/215692.pdf,Luglio,15,2006
Martedì 25 Luglio 2006,24,https://www.senato.it/japp/bgt/showdoc/frame.jsp?tipodoc=Resaula&leg=15&id=215538,https://www.senato.it/service/PDF/PDFServer/BGT/215538.pdf,Luglio,15,2006
Lunedì 24 Luglio 2006,23,https://www.senato.it/japp/bgt/showdoc/frame.jsp?tipodoc=Resaula&leg=15&id=215055,https://www.senato.it/service/PDF/PDFServer/BGT/215055.pdf,Luglio,15,2006
Giovedì 20 Luglio 2006,22,https://www.senato.it/japp/bgt/showdoc/frame.jsp?tipodoc=Resaula&leg=15&id=211404,https://www.senato.it/service/PDF/PDFServer/BGT/211404.pdf,Luglio,15,2006
Mercoledì 19 Luglio 2006,20,https://www.senato.it/japp/bgt/showdoc/frame.jsp?tipodoc=Resaula&leg=15&id=211352,https://www.senato.it/service/PDF/PDFServer/BGT/211352.pdf,Luglio,15,2006
Mercoledì 19 Luglio 2006,21,https://www.senato.it/japp/bgt/showdoc/frame.jsp?tipodoc=Resaula&leg=15&id=211376,https://www.senato.it/service/PDF/PDFServer/BGT/211376.pdf,Luglio,15,2006
Martedì 18 Luglio 2006,19,https://www.senato.it/japp/bgt/showdoc/frame.jsp?tipodoc=Resaula&leg=15&id=210955,https://www.senato.it/service/PDF/PDFServer/BGT/210955.pdf,Luglio,15,2006
Giovedì 13 Luglio 2006,18,https://www.senato.it/japp/bgt/showdoc/frame.jsp?tipodoc=Resaula&leg=15&id=210836,https://www.senato.it/service/PDF/PDFServer/BGT/210836.pdf,Luglio,15,2006
Mercoledì 12 Luglio 2006,16,https://www.senato.it/japp/bgt/showdoc/frame.jsp?tipodoc=Resaula&leg=15&id=210801,https://www.senato.it/service/PDF/PDFServer/BGT/210801.pdf,Luglio,15,2006
Mercoledì 12 Luglio 2006,17,https://www.senato.it/japp/bgt/showdoc/frame.jsp?tipodoc=Resaula&leg=15&id=210822,https://www.senato.it/service/PDF/PDFServer/BGT/210822.pdf,Luglio,15,2006
Martedì 11 Luglio 2006,15,https://www.senato.it/japp/bgt/showdoc/frame.jsp?tipodoc=Resaula&leg=15&id=210749,https://www.senato.it/service/PDF/PDFServer/BGT/210749.pdf,Luglio,15,2006
Lunedì 10 Luglio 2006,14,https://www.senato.it/japp/bgt/showdoc/frame.jsp?tipodoc=Resaula&leg=15&id=210285,https://www.senato.it/service/PDF/PDFServer/BGT/210285.pdf,Luglio,15,2006
Mercoledì 05 Luglio 2006,13,https://www.senato.it/japp/bgt/showdoc/frame.jsp?tipodoc=Resaula&leg=15&id=210267,https://www.senato.it/service/PDF/PDFServer/BGT/210267.pdf,Luglio,15,2006
Martedì 04 Luglio 2006,12,https://www.senato.it/japp/bgt/showdoc/frame.jsp?tipodoc=Resaula&leg=15&id=210222,https://www.senato.it/service/PDF/PDFServer/BGT/210222.pdf,Luglio,15,2006
Mercoledì 28 Giugno 2006,11,https://www.senato.it/japp/bgt/showdoc/frame.jsp?tipodoc=Resaula&leg=15&id=210141,https://www.senato.it/service/PDF/PDFServer/BGT/210141.pdf,Giugno,15,2006
Martedì 27 Giugno 2006,9,https://www.senato.it/japp/bgt/showdoc/frame.jsp?tipodoc=Resaula&leg=15&id=210110,https://www.senato.it/service/PDF/PDFServer/BGT/210110.pdf,Giugno,15,2006
Martedì 27 Giugno 2006,10,https://www.senato.it/japp/bgt/showdoc/frame.jsp?tipodoc=Resaula&leg=15&id=210120,https://www.senato.it/service/PDF/PDFServer/BGT/210120.pdf,Giugno,15,2006
Martedì 13 Giugno 2006,8,https://www.senato.it/japp/bgt/showdoc/frame.jsp?tipodoc=Resaula&leg=15&id=209244,https://www.senato.it/service/PDF/PDFServer/BGT/209244.pdf,Giugno,15,2006
Mercoledì 31 Maggio 2006,7,https://www.senato.it/japp/bgt/showdoc/frame.jsp?tipodoc=Resaula&leg=15&id=208979,https://www.senato.it/service/PDF/PDFServer/BGT/208979.pdf,Maggio,15,2006
Venerdì 19 Maggio 2006,6,https://www.senato.it/japp/bgt/showdoc/frame.jsp?tipodoc=Resaula&leg=15&id=208760,https://www.senato.it/service/PDF/PDFServer/BGT/208760.pdf,Maggio,15,2006
Giovedì 18 Maggio 2006,4,https://www.senato.it/japp/bgt/showdoc/frame.jsp?tipodoc=Resaula&leg=15&id=208736,https://www.senato.it/service/PDF/PDFServer/BGT/208736.pdf,Maggio,15,2006
Giovedì 18 Maggio 2006,5,https://www.senato.it/japp/bgt/showdoc/frame.jsp?tipodoc=Resaula&leg=15&id=208746,https://www.senato.it/service/PDF/PDFServer/BGT/208746.pdf,Maggio,15,2006
Giovedì 04 Maggio 2006,3,https://www.senato.it/japp/bgt/showdoc/frame.jsp?tipodoc=Resaula&leg=15&id=206683,https://www.senato.it/service/PDF/PDFServer/BGT/206683.pdf,Maggio,15,2006
Sabato 29 Aprile 2006,2,https://www.senato.it/japp/bgt/showdoc/frame.jsp?tipodoc=Resaula&leg=15&id=206679,https://www.senato.it/service/PDF/PDFServer/BGT/206679.pdf,Aprile,15,2006
Venerdì 28 Aprile 2006,1,https://www.senato.it/japp/bgt/showdoc/frame.jsp?tipodoc=Resaula&leg=15&id=206678,https://www.senato.it/service/PDF/PDFServer/BGT/206678.pdf,Aprile,15,2006
Venerdì 21 Dicembre 2007,273,https://www.senato.it/japp/bgt/showdoc/frame.jsp?tipodoc=Resaula&leg=15&id=297125,https://www.senato.it/service/PDF/PDFServer/BGT/297125.pdf,Dicembre,15,2007
Giovedì 20 Dicembre 2007,271,https://www.senato.it/japp/bgt/showdoc/frame.jsp?tipodoc=Resaula&leg=15&id=297062,https://www.senato.it/service/PDF/PDFServer/BGT/297062.pdf,Dicembre,15,2007
Giovedì 20 Dicembre 2007,272,https://www.senato.it/japp/bgt/showdoc/frame.jsp?tipodoc=Resaula&leg=15&id=297071,https://www.senato.it/service/PDF/PDFServer/BGT/297071.pdf,Dicembre,15,2007
Mercoledì 19 Dicembre 2007,269,https://www.senato.it/japp/bgt/showdoc/frame.jsp?tipodoc=Resaula&leg=15&id=297024,https://www.senato.it/service/PDF/PDFServer/BGT/297024.pdf,Dicembre,15,2007
Mercoledì 19 Dicembre 2007,270,https://www.senato.it/japp/bgt/showdoc/frame.jsp?tipodoc=Resaula&leg=15&id=297035,https://www.senato.it/service/PDF/PDFServer/BGT/297035.pdf,Dicembre,15,2007
Giovedì 13 Dicembre 2007,267,https://www.senato.it/japp/bgt/showdoc/frame.jsp?tipodoc=Resaula&leg=15&id=295251,https://www.senato.it/service/PDF/PDFServer/BGT/295251.pdf,Dicembre,15,2007
Giovedì 13 Dicembre 2007,268,https://www.senato.it/japp/bgt/showdoc/frame.jsp?tipodoc=Resaula&leg=15&id=295261,https://www.senato.it/service/PDF/PDFServer/BGT/295261.pdf,Dicembre,15,2007
Mercoledì 12 Dicembre 2007,265,https://www.senato.it/japp/bgt/showdoc/frame.jsp?tipodoc=Resaula&leg=15&id=294974,https://www.senato.it/service/PDF/PDFServer/BGT/294974.pdf,Dicembre,15,2007
Mercoledì 12 Dicembre 2007,266,https://www.senato.it/japp/bgt/showdoc/frame.jsp?tipodoc=Resaula&leg=15&id=295170,https://www.senato.it/service/PDF/PDFServer/BGT/295170.pdf,Dicembre,15,2007
Martedì 11 Dicembre 2007,264,https://www.senato.it/japp/bgt/showdoc/frame.jsp?tipodoc=Resaula&leg=15&id=294928,https://www.senato.it/service/PDF/PDFServer/BGT/294928.pdf,Dicembre,15,2007
Giovedì 06 Dicembre 2007,263,https://www.senato.it/japp/bgt/showdoc/frame.jsp?tipodoc=Resaula&leg=15&id=294869,https://www.senato.it/service/PDF/PDFServer/BGT/294869.pdf,Dicembre,15,2007
Mercoledì 05 Dicembre 2007,261,https://www.senato.it/japp/bgt/showdoc/frame.jsp?tipodoc=Resaula&leg=15&id=294804,https://www.senato.it/service/PDF/PDFServer/BGT/294804.pdf,Dicembre,15,2007
Mercoledì 05 Dicembre 2007,262,https://www.senato.it/japp/bgt/showdoc/frame.jsp?tipodoc=Resaula&leg=15&id=294830,https://www.senato.it/service/PDF/PDFServer/BGT/294830.pdf,Dicembre,15,2007
Martedì 04 Dicembre 2007,260,https://www.senato.it/japp/bgt/showdoc/frame.jsp?tipodoc=Resaula&leg=15&id=293289,https://www.senato.it/service/PDF/PDFServer/BGT/293289.pdf,Dicembre,15,2007
Giovedì 29 Novembre 2007,258,https://www.senato.it/japp/bgt/showdoc/frame.jsp?tipodoc=Resaula&leg=15&id=293088,https://www.senato.it/service/PDF/PDFServer/BGT/293088.pdf,Novembre,15,2007
Giovedì 29 Novembre 2007,259,https://www.senato.it/japp/bgt/showdoc/frame.jsp?tipodoc=Resaula&leg=15&id=293120,https://www.senato.it/service/PDF/PDFServer/BGT/293120.pdf,Novembre,15,2007
Mercoledì 28 Novembre 2007,256,https://www.senato.it/japp/bgt/showdoc/frame.jsp?tipodoc=Resaula&leg=15&id=293034,https://www.senato.it/service/PDF/PDFServer/BGT/293034.pdf,Novembre,15,2007
Mercoledì 28 Novembre 2007,257,https://www.senato.it/japp/bgt/showdoc/frame.jsp?tipodoc=Resaula&leg=15&id=293073,https://www.senato.it/service/PDF/PDFServer/BGT/293073.pdf,Novembre,15,2007
Martedì 27 Novembre 2007,255,https://www.senato.it/japp/bgt/showdoc/frame.jsp?tipodoc=Resaula&leg=15&id=293020,https://www.senato.it/service/PDF/PDFServer/BGT/293020.pdf,Novembre,15,2007
Giovedì 15 Novembre 2007,253,https://www.senato.it/japp/bgt/showdoc/frame.jsp?tipodoc=Resaula&leg=15&id=292550,https://www.senato.it/service/PDF/PDFServer/BGT/292550.pdf,Novembre,15,2007
Giovedì 15 Novembre 2007,254,https://www.senato.it/japp/bgt/showdoc/frame.jsp?tipodoc=Resaula&leg=15&id=292555,https://www.senato.it/service/PDF/PDFServer/BGT/292555.pdf,Novembre,15,2007
Mercoledì 14 Novembre 2007,252,https://www.senato.it/japp/bgt/showdoc/frame.jsp?tipodoc=Resaula&leg=15&id=292441,https://www.senato.it/service/PDF/PDFServer/BGT/292441.pdf,Novembre,15,2007
Martedì 13 Novembre 2007,250,https://www.senato.it/japp/bgt/showdoc/frame.jsp?tipodoc=Resaula&leg=15&id=292301,https://www.senato.it/service/PDF/PDFServer/BGT/292301.pdf,Novembre,15,2007
Martedì 13 Novembre 2007,251,https://www.senato.it/japp/bgt/showdoc/frame.jsp?tipodoc=Resaula&leg=15&id=292336,https://www.senato.it/service/PDF/PDFServer/BGT/292336.pdf,Novembre,15,2007
Lunedì 12 Novembre 2007,249,https://www.senato.it/japp/bgt/showdoc/frame.jsp?tipodoc=Resaula&leg=15&id=292239,https://www.senato.it/service/PDF/PDFServer/BGT/292239.pdf,Novembre,15,2007
Venerdì 09 Novembre 2007,247,https://www.senato.it/japp/bgt/showdoc/frame.jsp?tipodoc=Resaula&leg=15&id=292081,https://www.senato.it/service/PDF/PDFServer/BGT/292081.pdf,Novembre,15,2007
Venerdì 09 Novembre 2007,248,https://www.senato.it/japp/bgt/showdoc/frame.jsp?tipodoc=Resaula&leg=15&id=292090,https://www.senato.it/service/PDF/PDFServer/BGT/292090.pdf,Novembre,15,2007
Giovedì 08 Novembre 2007,245,https://www.senato.it/japp/bgt/showdoc/frame.jsp?tipodoc=Resaula&leg=15&id=291882,https://www.senato.it/service/PDF/PDFServer/BGT/291882.pdf,Novembre,15,2007
Giovedì 08 Novembre 2007,246,https://www.senato.it/japp/bgt/showdoc/frame.jsp?tipodoc=Resaula&leg=15&id=291941,https://www.senato.it/service/PDF/PDFServer/BGT/291941.pdf,Novembre,15,2007
Mercoledì 07 Novembre 2007,243,https://www.senato.it/japp/bgt/showdoc/frame.jsp?tipodoc=Resaula&leg=15&id=289338,https://www.senato.it/service/PDF/PDFServer/BGT/289338.pdf,Novembre,15,2007
Mercoledì 07 Novembre 2007,244,https://www.senato.it/japp/bgt/showdoc/frame.jsp?tipodoc=Resaula&leg=15&id=289354,https://www.senato.it/service/PDF/PDFServer/BGT/289354.pdf,Novembre,15,2007
Martedì 06 Novembre 2007,241,https://www.senato.it/japp/bgt/showdoc/frame.jsp?tipodoc=Resaula&leg=15&id=288483,https://www.senato.it/service/PDF/PDFServer/BGT/288483.pdf,Novembre,15,2007
Martedì 06 Novembre 2007,242,https://www.senato.it/japp/bgt/showdoc/frame.jsp?tipodoc=Resaula&leg=15&id=289232,https://www.senato.it/service/PDF/PDFServer/BGT/289232.pdf,Novembre,15,2007
Lunedì 05 Novembre 2007,240,https://www.senato.it/japp/bgt/showdoc/frame.jsp?tipodoc=Resaula&leg=15&id=287001,https://www.senato.it/service/PDF/PDFServer/BGT/287001.pdf,Novembre,15,2007
Giovedì 25 Ottobre 2007,238,https://www.senato.it/japp/bgt/showdoc/frame.jsp?tipodoc=Resaula&leg=15&id=283132,https://www.senato.it/service/PDF/PDFServer/BGT/283132.pdf,Ottobre,15,2007
Giovedì 25 Ottobre 2007,239,https://www.senato.it/japp/bgt/showdoc/frame.jsp?tipodoc=Resaula&leg=15&id=283141,https://www.senato.it/service/PDF/PDFServer/BGT/283141.pdf,Ottobre,15,2007
Mercoledì 24 Ottobre 2007,236,https://www.senato.it/japp/bgt/showdoc/frame.jsp?tipodoc=Resaula&leg=15&id=282207,https://www.senato.it/service/PDF/PDFServer/BGT/282207.pdf,Ottobre,15,2007
Mercoledì 24 Ottobre 2007,237,https://www.senato.it/japp/bgt/showdoc/frame.jsp?tipodoc=Resaula&leg=15&id=283083,https://www.senato.it/service/PDF/PDFServer/BGT/283083.pdf,Ottobre,15,2007
Martedì 23 Ottobre 2007,235,https://www.senato.it/japp/bgt/showdoc/frame.jsp?tipodoc=Resaula&leg=15&id=281941,https://www.senato.it/service/PDF/PDFServer/BGT/281941.pdf,Ottobre,15,2007
Giovedì 18 Ottobre 2007,233,https://www.senato.it/japp/bgt/showdoc/frame.jsp?tipodoc=Resaula&leg=15&id=280621,https://www.senato.it/service/PDF/PDFServer/BGT/280621.pdf,Ottobre,15,2007
Giovedì 18 Ottobre 2007,234,https://www.senato.it/japp/bgt/showdoc/frame.jsp?tipodoc=Resaula&leg=15&id=280622,https://www.senato.it/service/PDF/PDFServer/BGT/280622.pdf,Ottobre,15,2007
Mercoledì 17 Ottobre 2007,231,https://www.senato.it/japp/bgt/showdoc/frame.jsp?tipodoc=Resaula&leg=15&id=280544,https://www.senato.it/service/PDF/PDFServer/BGT/280544.pdf,Ottobre,15,2007
Mercoledì 17 Ottobre 2007,232,https://www.senato.it/japp/bgt/showdoc/frame.jsp?tipodoc=Resaula&leg=15&id=280581,https://www.senato.it/service/PDF/PDFServer/BGT/280581.pdf,Ottobre,15,2007
Giovedì 04 Ottobre 2007,229,https://www.senato.it/japp/bgt/showdoc/frame.jsp?tipodoc=Resaula&leg=15&id=280212,https://www.senato.it/service/PDF/PDFServer/BGT/280212.pdf,Ottobre,15,2007
Giovedì 04 Ottobre 2007,230,https://www.senato.it/japp/bgt/showdoc/frame.jsp?tipodoc=Resaula&leg=15&id=280236,https://www.senato.it/service/PDF/PDFServer/BGT/280236.pdf,Ottobre,15,2007
Mercoledì 03 Ottobre 2007,227,https://www.senato.it/japp/bgt/showdoc/frame.jsp?tipodoc=Resaula&leg=15&id=280122,https://www.senato.it/service/PDF/PDFServer/BGT/280122.pdf,Ottobre,15,2007
Mercoledì 03 Ottobre 2007,228,https://www.senato.it/japp/bgt/showdoc/frame.jsp?tipodoc=Resaula&leg=15&id=280173,https://www.senato.it/service/PDF/PDFServer/BGT/280173.pdf,Ottobre,15,2007
Martedì 02 Ottobre 2007,225,https://www.senato.it/japp/bgt/showdoc/frame.jsp?tipodoc=Resaula&leg=15&id=280014,https://www.senato.it/service/PDF/PDFServer/BGT/280014.pdf,Ottobre,15,2007
Martedì 02 Ottobre 2007,226,https://www.senato.it/japp/bgt/showdoc/frame.jsp?tipodoc=Resaula&leg=15&id=280090,https://www.senato.it/service/PDF/PDFServer/BGT/280090.pdf,Ottobre,15,2007
Giovedì 27 Settembre 2007,223,https://www.senato.it/japp/bgt/showdoc/frame.jsp?tipodoc=Resaula&leg=15&id=279933,https://www.senato.it/service/PDF/PDFServer/BGT/279933.pdf,Settembre,15,2007
Giovedì 27 Settembre 2007,224,https://www.senato.it/japp/bgt/showdoc/frame.jsp?tipodoc=Resaula&leg=15&id=279956,https://www.senato.it/service/PDF/PDFServer/BGT/279956.pdf,Settembre,15,2007
Mercoledì 26 Settembre 2007,221,https://www.senato.it/japp/bgt/showdoc/frame.jsp?tipodoc=Resaula&leg=15&id=279808,https://www.senato.it/service/PDF/PDFServer/BGT/279808.pdf,Settembre,15,2007
Mercoledì 26 Settembre 2007,222,https://www.senato.it/japp/bgt/showdoc/frame.jsp?tipodoc=Resaula&leg=15&id=279845,https://www.senato.it/service/PDF/PDFServer/BGT/279845.pdf,Settembre,15,2007
Martedì 25 Settembre 2007,219,https://www.senato.it/japp/bgt/showdoc/frame.jsp?tipodoc=Resaula&leg=15&id=279415,https://www.senato.it/service/PDF/PDFServer/BGT/279415.pdf,Settembre,15,2007
Martedì 25 Settembre 2007,220,https://www.senato.it/japp/bgt/showdoc/frame.jsp?tipodoc=Resaula&leg=15&id=279662,https://www.senato.it/service/PDF/PDFServer/BGT/279662.pdf,Settembre,15,2007
Giovedì 20 Settembre 2007,217,https://www.senato.it/japp/bgt/showdoc/frame.jsp?tipodoc=Resaula&leg=15&id=279350,https://www.senato.it/service/PDF/PDFServer/BGT/279350.pdf,Settembre,15,2007
Giovedì 20 Settembre 2007,218,https://www.senato.it/japp/bgt/showdoc/frame.jsp?tipodoc=Resaula&leg=15&id=279349,https://www.senato.it/service/PDF/PDFServer/BGT/279349.pdf,Settembre,15,2007
Mercoledì 19 Settembre 2007,215,https://www.senato.it/japp/bgt/showdoc/frame.jsp?tipodoc=Resaula&leg=15&id=279183,https://www.senato.it/service/PDF/PDFServer/BGT/279183.pdf,Settembre,15,2007
Mercoledì 19 Settembre 2007,216,https://www.senato.it/japp/bgt/showdoc/frame.jsp?tipodoc=Resaula&leg=15&id=279313,https://www.senato.it/service/PDF/PDFServer/BGT/279313.pdf,Settembre,15,2007
Martedì 18 Settembre 2007,214,https://www.senato.it/japp/bgt/showdoc/frame.jsp?tipodoc=Resaula&leg=15&id=278328,https://www.senato.it/service/PDF/PDFServer/BGT/278328.pdf,Settembre,15,2007
Giovedì 13 Settembre 2007,212,https://www.senato.it/japp/bgt/showdoc/frame.jsp?tipodoc=Resaula&leg=15&id=278303,https://www.senato.it/service/PDF/PDFServer/BGT/278303.pdf,Settembre,15,2007
Giovedì 13 Settembre 2007,213,https://www.senato.it/japp/bgt/showdoc/frame.jsp?tipodoc=Resaula&leg=15&id=278312,https://www.senato.it/service/PDF/PDFServer/BGT/278312.pdf,Settembre,15,2007
Mercoledì 12 Settembre 2007,211,https://www.senato.it/japp/bgt/showdoc/frame.jsp?tipodoc=Resaula&leg=15&id=278290,https://www.senato.it/service/PDF/PDFServer/BGT/278290.pdf,Settembre,15,2007
Mercoledì 08 Agosto 2007,210,https://www.senato.it/japp/bgt/showdoc/frame.jsp?tipodoc=Resaula&leg=15&id=277985,https://www.senato.it/service/PDF/PDFServer/BGT/277985.pdf,Agosto,15,2007
Giovedì 02 Agosto 2007,209,https://www.senato.it/japp/bgt/showdoc/frame.jsp?tipodoc=Resaula&leg=15&id=277934,https://www.senato.it/service/PDF/PDFServer/BGT/277934.pdf,Agosto,15,2007
Mercoledì 01 Agosto 2007,207,https://www.senato.it/japp/bgt/showdoc/frame.jsp?tipodoc=Resaula&leg=15&id=277354,https://www.senato.it/service/PDF/PDFServer/BGT/277354.pdf,Agosto,15,2007
Mercoledì 01 Agosto 2007,208,https://www.senato.it/japp/bgt/showdoc/frame.jsp?tipodoc=Resaula&leg=15&id=277616,https://www.senato.it/service/PDF/PDFServer/BGT/277616.pdf,Agosto,15,2007
Martedì 31 Luglio 2007,206,https://www.senato.it/japp/bgt/showdoc/frame.jsp?tipodoc=Resaula&leg=15&id=277202,https://www.senato.it/service/PDF/PDFServer/BGT/277202.pdf,Luglio,15,2007
Giovedì 26 Luglio 2007,204,https://www.senato.it/japp/bgt/showdoc/frame.jsp?tipodoc=Resaula&leg=15&id=275946,https://www.senato.it/service/PDF/PDFServer/BGT/275946.pdf,Luglio,15,2007
Giovedì 26 Luglio 2007,205,https://www.senato.it/japp/bgt/showdoc/frame.jsp?tipodoc=Resaula&leg=15&id=275945,https://www.senato.it/service/PDF/PDFServer/BGT/275945.pdf,Luglio,15,2007
Mercoledì 25 Luglio 2007,202,https://www.senato.it/japp/bgt/showdoc/frame.jsp?tipodoc=Resaula&leg=15&id=275836,https://www.senato.it/service/PDF/PDFServer/BGT/275836.pdf,Luglio,15,2007
Mercoledì 25 Luglio 2007,203,https://www.senato.it/japp/bgt/showdoc/frame.jsp?tipodoc=Resaula&leg=15&id=275837,https://www.senato.it/service/PDF/PDFServer/BGT/275837.pdf,Luglio,15,2007
Martedì 24 Luglio 2007,200,https://www.senato.it/japp/bgt/showdoc/frame.jsp?tipodoc=Resaula&leg=15&id=275672,https://www.senato.it/service/PDF/PDFServer/BGT/275672.pdf,Luglio,15,2007
Martedì 24 Luglio 2007,201,https://www.senato.it/japp/bgt/showdoc/frame.jsp?tipodoc=Resaula&leg=15&id=275693,https://www.senato.it/service/PDF/PDFServer/BGT/275693.pdf,Luglio,15,2007
Giovedì 19 Luglio 2007,198,https://www.senato.it/japp/bgt/showdoc/frame.jsp?tipodoc=Resaula&leg=15&id=275261,https://www.senato.it/service/PDF/PDFServer/BGT/275261.pdf,Luglio,15,2007
Giovedì 19 Luglio 2007,199,https://www.senato.it/japp/bgt/showdoc/frame.jsp?tipodoc=Resaula&leg=15&id=275260,https://www.senato.it/service/PDF/PDFServer/BGT/275260.pdf,Luglio,15,2007
Mercoledì 18 Luglio 2007,196,https://www.senato.it/japp/bgt/showdoc/frame.jsp?tipodoc=Resaula&leg=15&id=275082,https://www.senato.it/service/PDF/PDFServer/BGT/275082.pdf,Luglio,15,2007
Mercoledì 18 Luglio 2007,197,https://www.senato.it/japp/bgt/showdoc/frame.jsp?tipodoc=Resaula&leg=15&id=275167,https://www.senato.it/service/PDF/PDFServer/BGT/275167.pdf,Luglio,15,2007
Martedì 17 Luglio 2007,194,https://www.senato.it/japp/bgt/showdoc/frame.jsp?tipodoc=Resaula&leg=15&id=274892,https://www.senato.it/service/PDF/PDFServer/BGT/274892.pdf,Luglio,15,2007
Martedì 17 Luglio 2007,195,https://www.senato.it/japp/bgt/showdoc/frame.jsp?tipodoc=Resaula&leg=15&id=275010,https://www.senato.it/service/PDF/PDFServer/BGT/275010.pdf,Luglio,15,2007
Venerdì 13 Luglio 2007,192,https://www.senato.it/japp/bgt/showdoc/frame.jsp?tipodoc=Resaula&leg=15&id=274713,https://www.senato.it/service/PDF/PDFServer/BGT/274713.pdf,Luglio,15,2007
Venerdì 13 Luglio 2007,193,https://www.senato.it/japp/bgt/showdoc/frame.jsp?tipodoc=Resaula&leg=15&id=274744,https://www.senato.it/service/PDF/PDFServer/BGT/274744.pdf,Luglio,15,2007
Giovedì 12 Luglio 2007,190,https://www.senato.it/japp/bgt/showdoc/frame.jsp?tipodoc=Resaula&leg=15&id=274621,https://www.senato.it/service/PDF/PDFServer/BGT/274621.pdf,Luglio,15,2007
Giovedì 12 Luglio 2007,191,https://www.senato.it/japp/bgt/showdoc/frame.jsp?tipodoc=Resaula&leg=15&id=274675,https://www.senato.it/service/PDF/PDFServer/BGT/274675.pdf,Luglio,15,2007
Mercoledì 11 Luglio 2007,188,https://www.senato.it/japp/bgt/showdoc/frame.jsp?tipodoc=Resaula&leg=15&id=274428,https://www.senato.it/service/PDF/PDFServer/BGT/274428.pdf,Luglio,15,2007
Mercoledì 11 Luglio 2007,189,https://www.senato.it/japp/bgt/showdoc/frame.jsp?tipodoc=Resaula&leg=15&id=274508,https://www.senato.it/service/PDF/PDFServer/BGT/274508.pdf,Luglio,15,2007
Martedì 10 Luglio 2007,187,https://www.senato.it/japp/bgt/showdoc/frame.jsp?tipodoc=Resaula&leg=15&id=274386,https://www.senato.it/service/PDF/PDFServer/BGT/274386.pdf,Luglio,15,2007
Giovedì 05 Luglio 2007,185,https://www.senato.it/japp/bgt/showdoc/frame.jsp?tipodoc=Resaula&leg=15&id=273690,https://www.senato.it/service/PDF/PDFServer/BGT/273690.pdf,Luglio,15,2007
Giovedì 05 Luglio 2007,186,https://www.senato.it/japp/bgt/showdoc/frame.jsp?tipodoc=Resaula&leg=15&id=273770,https://www.senato.it/service/PDF/PDFServer/BGT/273770.pdf,Luglio,15,2007
Mercoledì 04 Luglio 2007,183,https://www.senato.it/japp/bgt/showdoc/frame.jsp?tipodoc=Resaula&leg=15&id=273610,https://www.senato.it/service/PDF/PDFServer/BGT/273610.pdf,Luglio,15,2007
Mercoledì 04 Luglio 2007,184,https://www.senato.it/japp/bgt/showdoc/frame.jsp?tipodoc=Resaula&leg=15&id=273661,https://www.senato.it/service/PDF/PDFServer/BGT/273661.pdf,Luglio,15,2007
Martedì 03 Luglio 2007,181,https://www.senato.it/japp/bgt/showdoc/frame.jsp?tipodoc=Resaula&leg=15&id=273555,https://www.senato.it/service/PDF/PDFServer/BGT/273555.pdf,Luglio,15,2007
Martedì 03 Luglio 2007,182,https://www.senato.it/japp/bgt/showdoc/frame.jsp?tipodoc=Resaula&leg=15&id=273579,https://www.senato.it/service/PDF/PDFServer/BGT/273579.pdf,Luglio,15,2007
Giovedì 28 Giugno 2007,180,https://www.senato.it/japp/bgt/showdoc/frame.jsp?tipodoc=Resaula&leg=15&id=272983,https://www.senato.it/service/PDF/PDFServer/BGT/272983.pdf,Giugno,15,2007
Mercoledì 27 Giugno 2007,178,https://www.senato.it/japp/bgt/showdoc/frame.jsp?tipodoc=Resaula&leg=15&id=272677,https://www.senato.it/service/PDF/PDFServer/BGT/272677.pdf,Giugno,15,2007
Mercoledì 27 Giugno 2007,179,https://www.senato.it/japp/bgt/showdoc/frame.jsp?tipodoc=Resaula&leg=15&id=272862,https://www.senato.it/service/PDF/PDFServer/BGT/272862.pdf,Giugno,15,2007
Martedì 26 Giugno 2007,176,https://www.senato.it/japp/bgt/showdoc/frame.jsp?tipodoc=Resaula&leg=15&id=272029,https://www.senato.it/service/PDF/PDFServer/BGT/272029.pdf,Giugno,15,2007
Martedì 26 Giugno 2007,177,https://www.senato.it/japp/bgt/showdoc/frame.jsp?tipodoc=Resaula&leg=15&id=272495,https://www.senato.it/service/PDF/PDFServer/BGT/272495.pdf,Giugno,15,2007
Lunedì 25 Giugno 2007,175,https://www.senato.it/japp/bgt/showdoc/frame.jsp?tipodoc=Resaula&leg=15&id=271945,https://www.senato.it/service/PDF/PDFServer/BGT/271945.pdf,Giugno,15,2007
Giovedì 21 Giugno 2007,173,https://www.senato.it/japp/bgt/showdoc/frame.jsp?tipodoc=Resaula&leg=15&id=271907,https://www.senato.it/service/PDF/PDFServer/BGT/271907.pdf,Giugno,15,2007
Giovedì 21 Giugno 2007,174,https://www.senato.it/japp/bgt/showdoc/frame.jsp?tipodoc=Resaula&leg=15&id=271899,https://www.senato.it/service/PDF/PDFServer/BGT/271899.pdf,Giugno,15,2007
Mercoledì 20 Giugno 2007,171,https://www.senato.it/japp/bgt/showdoc/frame.jsp?tipodoc=Resaula&leg=15&id=271736,https://www.senato.it/service/PDF/PDFServer/BGT/271736.pdf,Giugno,15,2007
Mercoledì 20 Giugno 2007,172,https://www.senato.it/japp/bgt/showdoc/frame.jsp?tipodoc=Resaula&leg=15&id=271771,https://www.senato.it/service/PDF/PDFServer/BGT/271771.pdf,Giugno,15,2007
Martedì 19 Giugno 2007,170,https://www.senato.it/japp/bgt/showdoc/frame.jsp?tipodoc=Resaula&leg=15&id=271689,https://www.senato.it/service/PDF/PDFServer/BGT/271689.pdf,Giugno,15,2007
Giovedì 14 Giugno 2007,168,https://www.senato.it/japp/bgt/showdoc/frame.jsp?tipodoc=Resaula&leg=15&id=270347,https://www.senato.it/service/PDF/PDFServer/BGT/270347.pdf,Giugno,15,2007
Giovedì 14 Giugno 2007,169,https://www.senato.it/japp/bgt/showdoc/frame.jsp?tipodoc=Resaula&leg=15&id=270369,https://www.senato.it/service/PDF/PDFServer/BGT/270369.pdf,Giugno,15,2007
Mercoledì 13 Giugno 2007,166,https://www.senato.it/japp/bgt/showdoc/frame.jsp?tipodoc=Resaula&leg=15&id=270067,https://www.senato.it/service/PDF/PDFServer/BGT/270067.pdf,Giugno,15,2007
Mercoledì 13 Giugno 2007,167,https://www.senato.it/japp/bgt/showdoc/frame.jsp?tipodoc=Resaula&leg=15&id=270306,https://www.senato.it/service/PDF/PDFServer/BGT/270306.pdf,Giugno,15,2007
Martedì 12 Giugno 2007,165,https://www.senato.it/japp/bgt/showdoc/frame.jsp?tipodoc=Resaula&leg=15&id=270030,https://www.senato.it/service/PDF/PDFServer/BGT/270030.pdf,Giugno,15,2007
Giovedì 07 Giugno 2007,163,https://www.senato.it/japp/bgt/showdoc/frame.jsp?tipodoc=Resaula&leg=15&id=269605,https://www.senato.it/service/PDF/PDFServer/BGT/269605.pdf,Giugno,15,2007
Giovedì 07 Giugno 2007,164,https://www.senato.it/japp/bgt/showdoc/frame.jsp?tipodoc=Resaula&leg=15&id=269607,https://www.senato.it/service/PDF/PDFServer/BGT/269607.pdf,Giugno,15,2007
Mercoledì 06 Giugno 2007,161,https://www.senato.it/japp/bgt/showdoc/frame.jsp?tipodoc=Resaula&leg=15&id=269342,https://www.senato.it/service/PDF/PDFServer/BGT/269342.pdf,Giugno,15,2007
Mercoledì 06 Giugno 2007,162,https://www.senato.it/japp/bgt/showdoc/frame.jsp?tipodoc=Resaula&leg=15&id=269409,https://www.senato.it/service/PDF/PDFServer/BGT/269409.pdf,Giugno,15,2007
Martedì 05 Giugno 2007,160,https://www.senato.it/japp/bgt/showdoc/frame.jsp?tipodoc=Resaula&leg=15&id=269097,https://www.senato.it/service/PDF/PDFServer/BGT/269097.pdf,Giugno,15,2007
Giovedì 31 Maggio 2007,159,https://www.senato.it/japp/bgt/showdoc/frame.jsp?tipodoc=Resaula&leg=15&id=268256,https://www.senato.it/service/PDF/PDFServer/BGT/268256.pdf,Maggio,15,2007
Mercoledì 30 Maggio 2007,157,https://www.senato.it/japp/bgt/showdoc/frame.jsp?tipodoc=Resaula&leg=15&id=267889,https://www.senato.it/service/PDF/PDFServer/BGT/267889.pdf,Maggio,15,2007
Mercoledì 30 Maggio 2007,158,https://www.senato.it/japp/bgt/showdoc/frame.jsp?tipodoc=Resaula&leg=15&id=268169,https://www.senato.it/service/PDF/PDFServer/BGT/268169.pdf,Maggio,15,2007
Martedì 29 Maggio 2007,156,https://www.senato.it/japp/bgt/showdoc/frame.jsp?tipodoc=Resaula&leg=15&id=267658,https://www.senato.it/service/PDF/PDFServer/BGT/267658.pdf,Maggio,15,2007
Giovedì 17 Maggio 2007,155,https://www.senato.it/japp/bgt/showdoc/frame.jsp?tipodoc=Resaula&leg=15&id=263766,https://www.senato.it/service/PDF/PDFServer/BGT/263766.pdf,Maggio,15,2007
Mercoledì 16 Maggio 2007,153,https://www.senato.it/japp/bgt/showdoc/frame.jsp?tipodoc=Resaula&leg=15&id=263592,https://www.senato.it/service/PDF/PDFServer/BGT/263592.pdf,Maggio,15,2007
Mercoledì 16 Maggio 2007,154,https://www.senato.it/japp/bgt/showdoc/frame.jsp?tipodoc=Resaula&leg=15&id=263677,https://www.senato.it/service/PDF/PDFServer/BGT/263677.pdf,Maggio,15,2007
Martedì 15 Maggio 2007,152,https://www.senato.it/japp/bgt/showdoc/frame.jsp?tipodoc=Resaula&leg=15&id=263457,https://www.senato.it/service/PDF/PDFServer/BGT/263457.pdf,Maggio,15,2007
Giovedì 10 Maggio 2007,151,https://www.senato.it/japp/bgt/showdoc/frame.jsp?tipodoc=Resaula&leg=15&id=263352,https://www.senato.it/service/PDF/PDFServer/BGT/263352.pdf,Maggio,15,2007
Mercoledì 09 Maggio 2007,149,https://www.senato.it/japp/bgt/showdoc/frame.jsp?tipodoc=Resaula&leg=15&id=263336,https://www.senato.it/service/PDF/PDFServer/BGT/263336.pdf,Maggio,15,2007
Mercoledì 09 Maggio 2007,150,https://www.senato.it/japp/bgt/showdoc/frame.jsp?tipodoc=Resaula&leg=15&id=263340,https://www.senato.it/service/PDF/PDFServer/BGT/263340.pdf,Maggio,15,2007
Martedì 08 Maggio 2007,148,https://www.senato.it/japp/bgt/showdoc/frame.jsp?tipodoc=Resaula&leg=15&id=263279,https://www.senato.it/service/PDF/PDFServer/BGT/263279.pdf,Maggio,15,2007
Giovedì 03 Maggio 2007,146,https://www.senato.it/japp/bgt/showdoc/frame.jsp?tipodoc=Resaula&leg=15&id=263143,https://www.senato.it/service/PDF/PDFServer/BGT/263143.pdf,Maggio,15,2007
Giovedì 03 Maggio 2007,147,https://www.senato.it/japp/bgt/showdoc/frame.jsp?tipodoc=Resaula&leg=15&id=263174,https://www.senato.it/service/PDF/PDFServer/BGT/263174.pdf,Maggio,15,2007
Mercoledì 02 Maggio 2007,145,https://www.senato.it/japp/bgt/showdoc/frame.jsp?tipodoc=Resaula&leg=15&id=263135,https://www.senato.it/service/PDF/PDFServer/BGT/263135.pdf,Maggio,15,2007
Giovedì 19 Aprile 2007,144,https://www.senato.it/japp/bgt/showdoc/frame.jsp?tipodoc=Resaula&leg=15&id=262732,https://www.senato.it/service/PDF/PDFServer/BGT/262732.pdf,Aprile,15,2007
Mercoledì 18 Aprile 2007,142,https://www.senato.it/japp/bgt/showdoc/frame.jsp?tipodoc=Resaula&leg=15&id=262720,https://www.senato.it/service/PDF/PDFServer/BGT/262720.pdf,Aprile,15,2007
Mercoledì 18 Aprile 2007,143,https://www.senato.it/japp/bgt/showdoc/frame.jsp?tipodoc=Resaula&leg=15&id=262722,https://www.senato.it/service/PDF/PDFServer/BGT/262722.pdf,Aprile,15,2007
Martedì 17 Aprile 2007,141,https://www.senato.it/japp/bgt/showdoc/frame.jsp?tipodoc=Resaula&leg=15&id=262618,https://www.senato.it/service/PDF/PDFServer/BGT/262618.pdf,Aprile,15,2007
Giovedì 12 Aprile 2007,139,https://www.senato.it/japp/bgt/showdoc/frame.jsp?tipodoc=Resaula&leg=15&id=262220,https://www.senato.it/service/PDF/PDFServer/BGT/262220.pdf,Aprile,15,2007
Giovedì 12 Aprile 2007,140,https://www.senato.it/japp/bgt/showdoc/frame.jsp?tipodoc=Resaula&leg=15&id=262246,https://www.senato.it/service/PDF/PDFServer/BGT/262246.pdf,Aprile,15,2007
Mercoledì 11 Aprile 2007,138,https://www.senato.it/japp/bgt/showdoc/frame.jsp?tipodoc=Resaula&leg=15&id=262173,https://www.senato.it/service/PDF/PDFServer/BGT/262173.pdf,Aprile,15,2007
Mercoledì 04 Aprile 2007,137,https://www.senato.it/japp/bgt/showdoc/frame.jsp?tipodoc=Resaula&leg=15&id=262108,https://www.senato.it/service/PDF/PDFServer/BGT/262108.pdf,Aprile,15,2007
Martedì 03 Aprile 2007,135,https://www.senato.it/japp/bgt/showdoc/frame.jsp?tipodoc=Resaula&leg=15&id=262010,https://www.senato.it/service/PDF/PDFServer/BGT/262010.pdf,Aprile,15,2007
Martedì 03 Aprile 2007,136,https://www.senato.it/japp/bgt/showdoc/frame.jsp?tipodoc=Resaula&leg=15&id=262053,https://www.senato.it/service/PDF/PDFServer/BGT/262053.pdf,Aprile,15,2007
Venerdì 30 Marzo 2007,134,https://www.senato.it/japp/bgt/showdoc/frame.jsp?tipodoc=Resaula&leg=15&id=261705,https://www.senato.it/service/PDF/PDFServer/BGT/261705.pdf,Marzo,15,2007
Giovedì 29 Marzo 2007,132,https://www.senato.it/japp/bgt/showdoc/frame.jsp?tipodoc=Resaula&leg=15&id=261660,https://www.senato.it/service/PDF/PDFServer/BGT/261660.pdf,Marzo,15,2007
Giovedì 29 Marzo 2007,133,https://www.senato.it/japp/bgt/showdoc/frame.jsp?tipodoc=Resaula&leg=15&id=261701,https://www.senato.it/service/PDF/PDFServer/BGT/261701.pdf,Marzo,15,2007
Mercoledì 28 Marzo 2007,131,https://www.senato.it/japp/bgt/showdoc/frame.jsp?tipodoc=Resaula&leg=15&id=260645,https://www.senato.it/service/PDF/PDFServer/BGT/260645.pdf,Marzo,15,2007
Martedì 27 Marzo 2007,130,https://www.senato.it/japp/bgt/showdoc/frame.jsp?tipodoc=Resaula&leg=15&id=260639,https://www.senato.it/service/PDF/PDFServer/BGT/260639.pdf,Marzo,15,2007
Mercoledì 21 Marzo 2007,128,https://www.senato.it/japp/bgt/showdoc/frame.jsp?tipodoc=Resaula&leg=15&id=260442,https://www.senato.it/service/PDF/PDFServer/BGT/260442.pdf,Marzo,15,2007
Mercoledì 21 Marzo 2007,129,https://www.senato.it/japp/bgt/showdoc/frame.jsp?tipodoc=Resaula&leg=15&id=260478,https://www.senato.it/service/PDF/PDFServer/BGT/260478.pdf,Marzo,15,2007
Martedì 20 Marzo 2007,127,https://www.senato.it/japp/bgt/showdoc/frame.jsp?tipodoc=Resaula&leg=15&id=260360,https://www.senato.it/service/PDF/PDFServer/BGT/260360.pdf,Marzo,15,2007
Giovedì 15 Marzo 2007,125,https://www.senato.it/japp/bgt/showdoc/frame.jsp?tipodoc=Resaula&leg=15&id=260007,https://www.senato.it/service/PDF/PDFServer/BGT/260007.pdf,Marzo,15,2007
Giovedì 15 Marzo 2007,126,https://www.senato.it/japp/bgt/showdoc/frame.jsp?tipodoc=Resaula&leg=15&id=260009,https://www.senato.it/service/PDF/PDFServer/BGT/260009.pdf,Marzo,15,2007
Mercoledì 14 Marzo 2007,123,https://www.senato.it/japp/bgt/showdoc/frame.jsp?tipodoc=Resaula&leg=15&id=258964,https://www.senato.it/service/PDF/PDFServer/BGT/258964.pdf,Marzo,15,2007
Mercoledì 14 Marzo 2007,124,https://www.senato.it/japp/bgt/showdoc/frame.jsp?tipodoc=Resaula&leg=15&id=259989,https://www.senato.it/service/PDF/PDFServer/BGT/259989.pdf,Marzo,15,2007
Martedì 13 Marzo 2007,122,https://www.senato.it/japp/bgt/showdoc/frame.jsp?tipodoc=Resaula&leg=15&id=255046,https://www.senato.it/service/PDF/PDFServer/BGT/255046.pdf,Marzo,15,2007
Mercoledì 07 Marzo 2007,120,https://www.senato.it/japp/bgt/showdoc/frame.jsp?tipodoc=Resaula&leg=15&id=254243,https://www.senato.it/service/PDF/PDFServer/BGT/254243.pdf,Marzo,15,2007
Mercoledì 07 Marzo 2007,121,https://www.senato.it/japp/bgt/showdoc/frame.jsp?tipodoc=Resaula&leg=15&id=254245,https://www.senato.it/service/PDF/PDFServer/BGT/254245.pdf,Marzo,15,2007
Martedì 06 Marzo 2007,119,https://www.senato.it/japp/bgt/showdoc/frame.jsp?tipodoc=Resaula&leg=15&id=254212,https://www.senato.it/service/PDF/PDFServer/BGT/254212.pdf,Marzo,15,2007
Giovedì 01 Marzo 2007,118,https://www.senato.it/japp/bgt/showdoc/frame.jsp?tipodoc=Resaula&leg=15&id=254129,https://www.senato.it/service/PDF/PDFServer/BGT/254129.pdf,Marzo,15,2007
Mercoledì 28 Febbraio 2007,116,https://www.senato.it/japp/bgt/showdoc/frame.jsp?tipodoc=Resaula&leg=15&id=253818,https://www.senato.it/service/PDF/PDFServer/BGT/253818.pdf,Febbraio,15,2007
Mercoledì 28 Febbraio 2007,117,https://www.senato.it/japp/bgt/showdoc/frame.jsp?tipodoc=Resaula&leg=15&id=253959,https://www.senato.it/service/PDF/PDFServer/BGT/253959.pdf,Febbraio,15,2007
Martedì 27 Febbraio 2007,115,https://www.senato.it/japp/bgt/showdoc/frame.jsp?tipodoc=Resaula&leg=15&id=253582,https://www.senato.it/service/PDF/PDFServer/BGT/253582.pdf,Febbraio,15,2007
Giovedì 22 Febbraio 2007,114,https://www.senato.it/japp/bgt/showdoc/frame.jsp?tipodoc=Resaula&leg=15&id=253533,https://www.senato.it/service/PDF/PDFServer/BGT/253533.pdf,Febbraio,15,2007
Mercoledì 21 Febbraio 2007,112,https://www.senato.it/japp/bgt/showdoc/frame.jsp?tipodoc=Resaula&leg=15&id=253523,https://www.senato.it/service/PDF/PDFServer/BGT/253523.pdf,Febbraio,15,2007
Mercoledì 21 Febbraio 2007,113,https://www.senato.it/japp/bgt/showdoc/frame.jsp?tipodoc=Resaula&leg=15&id=253522,https://www.senato.it/service/PDF/PDFServer/BGT/253522.pdf,Febbraio,15,2007
Martedì 20 Febbraio 2007,111,https://www.senato.it/japp/bgt/showdoc/frame.jsp?tipodoc=Resaula&leg=15&id=253470,https://www.senato.it/service/PDF/PDFServer/BGT/253470.pdf,Febbraio,15,2007
Giovedì 15 Febbraio 2007,109,https://www.senato.it/japp/bgt/showdoc/frame.jsp?tipodoc=Resaula&leg=15&id=253227,https://www.senato.it/service/PDF/PDFServer/BGT/253227.pdf,Febbraio,15,2007
Giovedì 15 Febbraio 2007,110,https://www.senato.it/japp/bgt/showdoc/frame.jsp?tipodoc=Resaula&leg=15&id=253225,https://www.senato.it/service/PDF/PDFServer/BGT/253225.pdf,Febbraio,15,2007
Mercoledì 14 Febbraio 2007,107,https://www.senato.it/japp/bgt/showdoc/frame.jsp?tipodoc=Resaula&leg=15&id=253062,https://www.senato.it/service/PDF/PDFServer/BGT/253062.pdf,Febbraio,15,2007
Mercoledì 14 Febbraio 2007,108,https://www.senato.it/japp/bgt/showdoc/frame.jsp?tipodoc=Resaula&leg=15&id=253119,https://www.senato.it/service/PDF/PDFServer/BGT/253119.pdf,Febbraio,15,2007
Martedì 13 Febbraio 2007,106,https://www.senato.it/japp/bgt/showdoc/frame.jsp?tipodoc=Resaula&leg=15&id=252066,https://www.senato.it/service/PDF/PDFServer/BGT/252066.pdf,Febbraio,15,2007
Giovedì 08 Febbraio 2007,105,https://www.senato.it/japp/bgt/showdoc/frame.jsp?tipodoc=Resaula&leg=15&id=251758,https://www.senato.it/service/PDF/PDFServer/BGT/251758.pdf,Febbraio,15,2007
Mercoledì 07 Febbraio 2007,103,https://www.senato.it/japp/bgt/showdoc/frame.jsp?tipodoc=Resaula&leg=15&id=251667,https://www.senato.it/service/PDF/PDFServer/BGT/251667.pdf,Febbraio,15,2007
Mercoledì 07 Febbraio 2007,104,https://www.senato.it/japp/bgt/showdoc/frame.jsp?tipodoc=Resaula&leg=15&id=251697,https://www.senato.it/service/PDF/PDFServer/BGT/251697.pdf,Febbraio,15,2007
Martedì 06 Febbraio 2007,101,https://www.senato.it/japp/bgt/showdoc/frame.jsp?tipodoc=Resaula&leg=15&id=251628,https://www.senato.it/service/PDF/PDFServer/BGT/251628.pdf,Febbraio,15,2007
Martedì 06 Febbraio 2007,102,https://www.senato.it/japp/bgt/showdoc/frame.jsp?tipodoc=Resaula&leg=15&id=251627,https://www.senato.it/service/PDF/PDFServer/BGT/251627.pdf,Febbraio,15,2007
Giovedì 01 Febbraio 2007,99,https://www.senato.it/japp/bgt/showdoc/frame.jsp?tipodoc=Resaula&leg=15&id=251472,https://www.senato.it/service/PDF/PDFServer/BGT/251472.pdf,Febbraio,15,2007
Giovedì 01 Febbraio 2007,100,https://www.senato.it/japp/bgt/showdoc/frame.jsp?tipodoc=Resaula&leg=15&id=251471,https://www.senato.it/service/PDF/PDFServer/BGT/251471.pdf,Febbraio,15,2007
Mercoledì 31 Gennaio 2007,97,https://www.senato.it/japp/bgt/showdoc/frame.jsp?tipodoc=Resaula&leg=15&id=251384,https://www.senato.it/service/PDF/PDFServer/BGT/251384.pdf,Gennaio,15,2007
Mercoledì 31 Gennaio 2007,98,https://www.senato.it/japp/bgt/showdoc/frame.jsp?tipodoc=Resaula&leg=15&id=251436,https://www.senato.it/service/PDF/PDFServer/BGT/251436.pdf,Gennaio,15,2007
Martedì 30 Gennaio 2007,96,https://www.senato.it/japp/bgt/showdoc/frame.jsp?tipodoc=Resaula&leg=15&id=251301,https://www.senato.it/service/PDF/PDFServer/BGT/251301.pdf,Gennaio,15,2007
Giovedì 25 Gennaio 2007,95,https://www.senato.it/japp/bgt/showdoc/frame.jsp?tipodoc=Resaula&leg=15&id=251210,https://www.senato.it/service/PDF/PDFServer/BGT/251210.pdf,Gennaio,15,2007
Mercoledì 24 Gennaio 2007,93,https://www.senato.it/japp/bgt/showdoc/frame.jsp?tipodoc=Resaula&leg=15&id=247735,https://www.senato.it/service/PDF/PDFServer/BGT/247735.pdf,Gennaio,15,2007
Mercoledì 24 Gennaio 2007,94,https://www.senato.it/japp/bgt/showdoc/frame.jsp?tipodoc=Resaula&leg=15&id=251207,https://www.senato.it/service/PDF/PDFServer/BGT/251207.pdf,Gennaio,15,2007
Martedì 23 Gennaio 2007,92,https://www.senato.it/japp/bgt/showdoc/frame.jsp?tipodoc=Resaula&leg=15&id=243053,https://www.senato.it/service/PDF/PDFServer/BGT/243053.pdf,Gennaio,15,2007
Mercoledì 27 Febbraio 2008,282,https://www.senato.it/japp/bgt/showdoc/frame.jsp?tipodoc=Resaula&leg=15&id=298852,https://www.senato.it/service/PDF/PDFServer/BGT/298852.pdf,Febbraio,15,2008
Mercoledì 27 Febbraio 2008,283,https://www.senato.it/japp/bgt/showdoc/frame.jsp?tipodoc=Resaula&leg=15&id=298853,https://www.senato.it/service/PDF/PDFServer/BGT/298853.pdf,Febbraio,15,2008
Martedì 26 Febbraio 2008,281,https://www.senato.it/japp/bgt/showdoc/frame.jsp?tipodoc=Resaula&leg=15&id=298782,https://www.senato.it/service/PDF/PDFServer/BGT/298782.pdf,Febbraio,15,2008
Giovedì 24 Gennaio 2008,280,https://www.senato.it/japp/bgt/showdoc/frame.jsp?tipodoc=Resaula&leg=15&id=298035,https://www.senato.it/service/PDF/PDFServer/BGT/298035.pdf,Gennaio,15,2008
Martedì 22 Gennaio 2008,279,https://www.senato.it/japp/bgt/showdoc/frame.jsp?tipodoc=Resaula&leg=15&id=298005,https://www.senato.it/service/PDF/PDFServer/BGT/298005.pdf,Gennaio,15,2008
Giovedì 17 Gennaio 2008,277,https://www.senato.it/japp/bgt/showdoc/frame.jsp?tipodoc=Resaula&leg=15&id=297675,https://www.senato.it/service/PDF/PDFServer/BGT/297675.pdf,Gennaio,15,2008
Giovedì 17 Gennaio 2008,278,https://www.senato.it/japp/bgt/showdoc/frame.jsp?tipodoc=Resaula&leg=15&id=297690,https://www.senato.it/service/PDF/PDFServer/BGT/297690.pdf,Gennaio,15,2008
Mercoledì 16 Gennaio 2008,275,https://www.senato.it/japp/bgt/showdoc/frame.jsp?tipodoc=Resaula&leg=15&id=297599,https://www.senato.it/service/PDF/PDFServer/BGT/297599.pdf,Gennaio,15,2008
Mercoledì 16 Gennaio 2008,276,https://www.senato.it/japp/bgt/showdoc/frame.jsp?tipodoc=Resaula&leg=15&id=297660,https://www.senato.it/service/PDF/PDFServer/BGT/297660.pdf,Gennaio,15,2008
Martedì 15 Gennaio 2008,274,https://www.senato.it/japp/bgt/showdoc/frame.jsp?tipodoc=Resaula&leg=15&id=297518,https://www.senato.it/service/PDF/PDFServer/BGT/297518.pdf,Gennaio,15,2008
